{
    "name": "Epsilon",
    "vendorId": "0x6B6B",
    "productId": "0x0001",
    "lighting": "none",
    "matrix": {
        "rows": 5,
        "cols": 15
    },
    "layouts": {
        "labels": [
            "Split Backspace",
            "ISO Enter",
            "Split Left Shift",
            "Split Right Shift",
            "Split Space"
        ],
        "keymap": [
            [{
                    "y": 5,
                    "x": 17.25
                },
                "2,13\n\n\n0,1",
                "0,14\n\n\n0,1"
            ],
            [{
                    "y": -0.1200000000000001,
                    "x": 6
                },
                "0,3",
                {
                    "x": 8.375
                },
                "0,12"
            ],
            [{
                    "y": -0.9799999999999995,
                    "x": 2.75
                },
                "0,0"
            ],
            [{
                    "y": -0.9000000000000004,
                    "x": 4
                },
                "0,1",
                "0,2",
                {
                    "x": 10.375
                },
                "0,13",
                {
                    "w": 2
                },
                "0,14"
            ],
            [{
                    "y": -0.09999999999999964,
                    "x": 2.5
                },
                "1,0"
            ],
            [{
                    "y": -0.9000000000000004,
                    "x": 3.75,
                    "w": 1.5
                },
                "1,1",
                "1,2",
                {
                    "x": 9
                },
                "1,11",
                "1,12",
                "1,13",
                {
                    "w": 1.5
                },
                "1,14\n\n\n1,0",
                {
                    "x": 1.5,
                    "w": 1.5,
                    "w2": 1.25,
                    "h2": 2,
                    "x2": 0.25
                },
                "2,14\n\n\n1,1"
            ],
            [{
                    "y": -0.09999999999999964,
                    "x": 2.25
                },
                "2,0"
            ],
            [{
                    "y": -0.9000000000000004,
                    "x": 3.5,
                    "w": 1.75
                },
                "2,1",
                "2,2",
                {
                    "x": 9.25
                },
                "2,11",
                "2,12",
                {
                    "w": 2.25
                },
                "2,14\n\n\n1,0",
                {
                    "x": 0.75
                },
                "1,14\n\n\n1,2"
            ],
            [{
                    "x": 3.25,
                    "w": 2.25
                },
                "3,0\n\n\n2,0",
                "3,2",
                {
                    "x": 8.75
                },
                "3,11",
                "3,12",
                {
                    "w": 2.75
                },
                "3,13\n\n\n3,0"
            ],
            [{
                    "x": 3.25,
                    "w": 1.5
                },
                "4,0",
                {
                    "x": 13.5,
                    "w": 1.5
                },
                "4,14"
            ],
            [{
                    "x": 3.25,
                    "w": 1.25
                },
                "3,0\n\n\n2,1",
                "3,1\n\n\n2,1"
            ],
            [{
                    "y": -0.5,
                    "x": 17.25,
                    "w": 1.75
                },
                "3,13\n\n\n3,1",
                "3,14\n\n\n3,1"
            ],
            [{
                    "r": 12,
                    "y": -8,
                    "x": 8.25
                },
                "0,4",
                "0,5",
                "0,6",
                "0,7"
            ],
            [{
                    "x": 7.75
                },
                "1,3",
                "1,4",
                "1,5",
                "1,6"
            ],
            [{
                    "x": 8
                },
                "2,3",
                "2,4",
                "2,5",
                "2,6"
            ],
            [{
                    "x": 8.5
                },
                "3,3",
                "3,4",
                "3,5",
                "3,6"
            ],
            [{
                    "x": 8.25,
                    "w": 1.5
                },
                "4,3",
                {
                    "w": 2.25
                },
                "4,4\n\n\n4,0",
                "4,5\n\n\n4,0"
            ],
            [{
                    "x": 9.75,
                    "w": 2
                },
                "4,5\n\n\n4,1",
                {
                    "w": 1.25
                },
                "4,5\n\n\n4,1"
            ],
            [{
                    "r": -12,
                    "y": -1.5,
                    "x": 9.625
                },
                "0,8",
                "0,9",
                "0,10",
                "0,11"
            ],
            [{
                    "x": 9.125
                },
                "1,7",
                "1,8",
                "1,9",
                "1,10"
            ],
            [{
                    "x": 9.25
                },
                "2,7",
                "2,8",
                "2,9",
                "2,10"
            ],
            [{
                    "x": 8.75,
                    "f": 2
                },
                "3,7",
                {
                    "f": 3
                },
                "3,8",
                "3,9",
                "3,10"
            ],
            [{
                    "x": 8.75,
                    "w": 2.75
                },
                "4,8",
                {
                    "w": 1.5
                },
                "4,10"
            ]
        ]
    }
}